<Shapes xmlns="http://www.evolus.vn/Namespace/Pencil"
	xmlns:p="http://www.evolus.vn/Namespace/Pencil"
	xmlns:svg="http://www.w3.org/2000/svg"
	xmlns:xlink="http://www.w3.org/1999/xlink"
	id="calle.bokdel.dojo.Widgets"
	displayName="Dojo Widgets"
	description="Dojo Widget collection."
	author="Calle Bokedal (calle.bokedal@gmail.com). Started with code from Duong Thanh An, Maxime Delorme - please give them creds!"
	url="">
	<Shape id="Balloon" displayName="Balloon" icon="Icons/balloon.png">
		<Properties>
			<PropertyGroup>
				<Property name="box" type="Dimension">200,80</Property>
				<Property name="withBlur" type="Bool" displayName="With Shadow">false</Property>
			</PropertyGroup>
			<PropertyGroup name="Handles">
				<Property name="radius" displayName="Corner Radius" type="Handle" p:lockY="true" p:minX="0" p:maxX="Math.min($box.w, $box.h) / 2">8,0</Property>
				<Property name="leftStart" displayName="Start Point" type="Handle" p:lockX="true" p:minY="$radius.x + 2" p:maxY="$leftEnd.y - 5">0,12</Property>
				<Property name="leftEnd" displayName="End Point" type="Handle"     p:lockX="true" p:minY="$leftStart.y + 5" p:maxY="$box.h - $radius.x - 2">0,33</Property>
				<Property name="topStart" displayName="Start Point" type="Handle"  p:lockY="true" p:minX="$radius.x + 2" p:maxX="$topEnd.x - 5">12,0</Property>
				<Property name="topEnd" displayName="End Point" type="Handle"      p:lockY="true" p:minX="$topStart.x + 5" p:maxX="$box.w - $radius.x - 2">33,0</Property>
				<Property name="pin" displayName="Balloon Pin" type="Handle">-12,23</Property>
				<Property name="pinReminder" displayName="Pin placement" type="Dimension">-12,33</Property>
			</PropertyGroup>
			<PropertyGroup name="Background">
				<Property name="fillColor" displayName="Color" type="Color">#FFCD19E6</Property>
			</PropertyGroup>
			<PropertyGroup name="Border">
				<Property name="strokeColor" displayName="Color" type="Color">#00000047</Property>
				<Property name="strokeStyle" displayName="Style" type="StrokeStyle">1|</Property>
			</PropertyGroup>
			<PropertyGroup name="Text">
				<Property name="textContent" displayName="Text Content" type="RichText"><![CDATA[Text pane]]></Property>
				<Property name="textFont" displayName="Default Font" type="Font">Arial|normal|normal|11px</Property>
			</PropertyGroup>
		</Properties>
		<Behaviors>
			<For ref="rect">
				<D>
					var type="top";
					type=( (-$pin.y > -$pin.x &amp;&amp;  -$pin.y > ($pin.x - $box.w)  ) ? "top" :type);
					type=( ($pin.y - $box.h) > -$pin.x &amp;&amp; ($pin.y - $box.h) > ($pin.x - $box.w) ? "bottom" :type);
					type=( (($pin.x - $box.w)  >($pin.y - $box.h)  &amp;&amp; ($pin.x - $box.w) >  -$pin.y) ? "right":type);
					type=(  -$pin.x > -$pin.y &amp;&amp; -$pin.x > ($pin.y - $box.h) ? "left":type );
					var x = {"left": [M($radius.x, 0), L($box.w - $radius.x, 0), C($box.w - $radius.x / 3, 0, $box.w, $radius.x / 3, $box.w, $radius.x),
					L($box.w, $box.h - $radius.x), C($box.w, $box.h - $radius.x / 3, $box.w - $radius.x / 3, $box.h, $box.w - $radius.x, $box.h),
					L($radius.x, $box.h), C($radius.x / 3, $box.h, 0, $box.h - $radius.x / 3, 0, $box.h - $radius.x),
					L(0, $leftEnd.y), L($pin.x, $pin.y), L(0, $leftStart.y), L(0, $radius.x),
					C(0, $radius.x / 3, $radius.x / 3, 0, $radius.x, 0)],
					"top": [M($radius.x, 0),L($topStart.x,0), L($pin.x, $pin.y), L($topEnd.x,0),
					L($box.w - $radius.x, 0), C($box.w - $radius.x / 3, 0, $box.w, $radius.x / 3, $box.w, $radius.x),
					L($box.w, $box.h - $radius.x), C($box.w, $box.h - $radius.x / 3, $box.w - $radius.x / 3, $box.h, $box.w - $radius.x, $box.h),
					L($radius.x, $box.h), C($radius.x / 3, $box.h, 0, $box.h - $radius.x / 3, 0, $box.h - $radius.x),
					L(0, $radius.x),C(0, $radius.x / 3, $radius.x / 3, 0, $radius.x, 0)],
					"right": [M($radius.x, 0), L($box.w - $radius.x, 0), C($box.w - $radius.x / 3, 0, $box.w, $radius.x / 3, $box.w, $radius.x),
					L($box.w, $leftStart.y),L($pin.x, $pin.y), L($box.w, $leftEnd.y), L($box.w, $box.h - $radius.x),  C($box.w, $box.h - $radius.x / 3, $box.w - $radius.x / 3, $box.h, $box.w - $radius.x, $box.h),
					L($radius.x, $box.h), C($radius.x / 3, $box.h, 0, $box.h - $radius.x / 3, 0, $box.h - $radius.x),
					L(0, $radius.x),C(0, $radius.x / 3, $radius.x / 3, 0, $radius.x, 0)] ,
					"bottom": [M($radius.x, 0), L($box.w - $radius.x, 0), C($box.w - $radius.x / 3, 0, $box.w, $radius.x / 3, $box.w, $radius.x),
					L($box.w, $box.h - $radius.x), C($box.w, $box.h - $radius.x / 3, $box.w - $radius.x / 3, $box.h, $box.w - $radius.x, $box.h),
					L($topEnd.x, $box.h), L($pin.x, $pin.y),L($topStart.x, $box.h),
					L($radius.x, $box.h), C($radius.x / 3, $box.h, 0, $box.h - $radius.x / 3, 0, $box.h - $radius.x),
					L(0, $radius.x),C(0, $radius.x / 3, $radius.x / 3, 0, $radius.x, 0)]
					}[type];
					x</D>
				<Fill>$fillColor</Fill>
				<StrokeColor>$strokeColor</StrokeColor>
				<StrokeStyle>$strokeStyle</StrokeStyle>
			</For>
			<For ref="text">
				<TextContent>$textContent</TextContent>
				<Font>$textFont</Font>
				<Bound>Bound.fromBox($box, $radius.x)</Bound>
			</For>
			<For ref="bgCopy">
				<ApplyFilter>$withBlur</ApplyFilter>
				<Visibility>$withBlur</Visibility>
			</For>
		</Behaviors>
		<Actions>
			<Action id="hidePin" displayName="Hide Pin">
				<Impl>
					<![CDATA[
					var pin = this.getProperty("pin");
					var leftStart = this.getProperty("leftStart");
					var leftEnd = this.getProperty("leftEnd");
					this.setProperty("pinReminder", new Dimension(pin.x, pin.y));
					this.setProperty("pin", new Dimension(leftStart.x, Math.floor((leftStart.y + leftEnd.y) / 2)));
					]]>
				</Impl>
			</Action>
			<Action id="restorePin" displayName="Restore Pin">
				<Impl>
					<![CDATA[
					// Note the trick to use an Dimension(w,h) to store x,y coords
					var pinReminder = this.getProperty("pinReminder");
					this.setProperty("pin", new Dimension(pinReminder.w, pinReminder.h));
					]]>
				</Impl>
			</Action>
			<Action id="makeYellow" displayName="Make yellow">
				<Impl>
					<![CDATA[
					this.setProperty("fillColor", new Color.fromString("#FFCD19E6"));
					]]>
				</Impl>
			</Action>
			<Action id="makeBlue" displayName="Make blue">
				<Impl>
					<![CDATA[
					this.setProperty("fillColor", new Color.fromString("#4FCDFFE6"));
					]]>
				</Impl>
			</Action>
			<Action id="makeGreen" displayName="Make green">
				<Impl>
					<![CDATA[
					this.setProperty("fillColor", new Color.fromString("#87FF8BE6"));
					]]>
				</Impl>
			</Action>
		</Actions>
		<p:Content xmlns:p="http://www.evolus.vn/Namespace/Pencil"
			xmlns="http://www.w3.org/2000/svg">
			<defs>
				<filter
					id="imageShading"
					height="1.2558399"
					y="-0.12792"
					width="1.06396"
					x="-0.03198">
					<feGaussianBlur stdDeviation="1.3325" in="SourceAlpha"/>
				</filter>
				<g id="container">
					<path
						transform="translate(0.5 0.5)"
						style="stroke-width: 1px;"
						id="rect" />
				</g>
			</defs>
			<use xlink:href="#container" id="bgCopy" transform="translate(1, 1)" p:filter="url(#imageShading)" style=" opacity:0.6;" p:heavy="true"/>
			<use xlink:href="#container"/>
			<foreignObject x="0" y="0" width="200" height="150" id="text">
				<div xmlns="http://www.w3.org/1999/xhtml">
					Pencil is a great program
				</div>
			</foreignObject>
		</p:Content>
	</Shape>
	<Shape id="Bullet" displayName="Bullet" icon="Icons/bullet.png">
		<Properties>
			<PropertyGroup>
				<Property name="box" type="Dimension" p:lockRatio="true">19,19</Property>
			</PropertyGroup>
			<PropertyGroup name="Background">
				<Property name="fillColor" displayName="Color" type="Color">#FFCD19E6</Property>
			</PropertyGroup>
			<PropertyGroup name="Border">
				<Property name="strokeColor" displayName="Color" type="Color">#00000047</Property>
				<Property name="strokeStyle" displayName="Style" type="StrokeStyle">1|</Property>
			</PropertyGroup>
			<PropertyGroup name="Text">
				<Property name="textContent" displayName="Text Content" type="PlainText">1</Property>
				<Property name="textFont" displayName="Default Font" type="Font">Arial|bold|normal|12px</Property>
				<Property name="textColor" displayName="Color" type="Color">#000000ff</Property>
			</PropertyGroup>
		</Properties>
		<Behaviors>
			<For ref="ellipse">
				<EllipseFit>$box</EllipseFit>
				<Fill>$fillColor</Fill>
				<StrokeColor>$strokeColor</StrokeColor>
				<StrokeStyle>$strokeStyle</StrokeStyle>
			</For>
			<For ref="text">
				<TextContent>$textContent</TextContent>
				<Fill>$textColor</Fill>
				<Color>$textColor</Color>
				<Font>$textFont</Font>
				<BoxFit>
					<Arg>Bound.fromBox($box, 0)</Arg>
					<Arg>new Alignment(1, 1)</Arg>
				</BoxFit>
			</For>
		</Behaviors>
		<Actions>
			<Action id="makeSymmetricMin" displayName="Make Symmetric (min)">
				<Impl>
					<![CDATA[
					var box = this.getProperty("box");
					var size = Math.min(box.w, box.h);
					this.setProperty("box", new Dimension(size, size));
					]]>
				</Impl>
			</Action>
			<Action id="makeSymmetricMax" displayName="Make Symmetric (max)">
				<Impl>
					<![CDATA[
					var box = this.getProperty("box");
					var size = Math.max(box.w, box.h);
					this.setProperty("box", new Dimension(size, size));
					]]>
				</Impl>
			</Action>
			<Action id="makeYellow" displayName="Make Yellow">
				<Impl>
					<![CDATA[
					this.setProperty("fillColor", new Color.fromString("#FFCD19E6"));
					]]>
				</Impl>
			</Action>
			<Action id="makeBlue" displayName="Make Blue">
				<Impl>
					<![CDATA[
					this.setProperty("fillColor", new Color.fromString("#4FCDFFE6"));
					]]>
				</Impl>
			</Action>
			<Action id="makeGreen" displayName="Make Green">
				<Impl>
					<![CDATA[
					this.setProperty("fillColor", new Color.fromString("#87FF8BE6"));
					]]>
				</Impl>
			</Action>
		</Actions>
		<p:Content    xmlns:p="http://www.evolus.vn/Namespace/Pencil"
			xmlns="http://www.w3.org/2000/svg">
			<defs>
				<g id="container">
					<ellipse id="ellipse"/>
				</g>
			</defs>
			<use xlink:href="#container"/>
			<foreignObject x="0" y="0" width="200" height="150" id="text">
				<div xmlns="http://www.w3.org/1999/xhtml">1</div>
			</foreignObject>
		</p:Content>
	</Shape>
	
	<Shape id="Line" displayName="Straight line" icon="Icons/hline.png">
		<Properties>
			<PropertyGroup>
				<Property name="box" type="Dimension" p:lockHeight="true">170,10</Property>
			</PropertyGroup>
			<PropertyGroup name="Line">
				<Property name="strokeColor" displayName="Line Color" type="Color">#C4C4C4</Property>
				<Property name="strokeStyle" displayName="Line Style" type="StrokeStyle">1|</Property>
			</PropertyGroup>
		</Properties>
		<Behaviors>
			<For ref="bgRect">
				<Box>$box</Box>
			</For>
			<For ref="line1">
				<Transform>[translate(($strokeStyle.w % 2) / 2, ($strokeStyle.w % 2) / 2)]</Transform>
				<D>[M(0, $box.h / 2), L($box.w, $box.h / 2)]</D>
				<StrokeColor>$strokeColor</StrokeColor>
				<StrokeStyle>$strokeStyle</StrokeStyle>
			</For>
		</Behaviors>
		<Actions>
			<Action id="fullWidth" displayName="Make wide as page">
				<Impl>
					<![CDATA[
						this.moveBy(Math.round(-this.getBoundingRect().x),0,true);
						var box = this.getProperty("box");
						this.setProperty("box", new Dimension(this.canvas.width, box.h));
					]]>
				</Impl>
			</Action>
			<Action id="fullHeight" displayName="Make high as page">
				<Impl>
					<![CDATA[
						this.moveBy(0,Math.round(-this.getBoundingRect().y),true);
						var box = this.getProperty("box");
						this.setProperty("box", new Dimension(box.w, this.canvas.height));
					]]>
				</Impl>
			</Action>
		</Actions>
		<p:Content xmlns:p="http://www.evolus.vn/Namespace/Pencil" xmlns="http://www.w3.org/2000/svg">
			<rect id="bgRect" style="fill: #000000; fill-opacity: 0; stroke: none;" x="0" y="0"/>
			<path style="fill:none; stroke: #C4C4C4; stroke-width: 1px;" d="M 0,0 L 4,4 L 0,8 z" id="line1"/>
		</p:Content>
	</Shape>
	
	<Shape id="Label" displayName="Label" icon="Icons/label.png">
		<Properties>
			<PropertyGroup>
				<Property name="disabled" displayName="Disabled" type="Bool">false</Property>
			</PropertyGroup>
			<PropertyGroup name="Text">
				<Property name="label" displayName="Label" type="PlainText">Label</Property>
				<Property name="textColor" displayName="Color" type="Color">#000000ff</Property>
				<Property name="textFont" displayName="Font" type="Font">Tahoma|normal|normal|11px|none</Property>
			</PropertyGroup>
		</Properties>
		<Behaviors>
			<For ref="text">
				<TextContent>
					<Arg>$label</Arg>
					<Arg>"strip accel"</Arg>
				</TextContent>
				<Fill>$disabled.value ? $textColor.hollowed(0.8) : $textColor</Fill>
				<Font>$textFont</Font>
				<BoxFit>
					<Arg>new Bound(0, 0, 100, 12)</Arg>
					<Arg>new Alignment(0, 1)</Arg>
				</BoxFit>
			</For>
			<For ref="accelIndicator">
				<AccelFor>
					<Arg>"text"</Arg>
					<Arg>$textFont</Arg>
					<Arg>$disabled.value ? $textColor.hollowed(0.8) : $textColor</Arg>
					<Arg>$label</Arg>
				</AccelFor>
			</For>
		</Behaviors>
		<p:Content  xmlns:p="http://www.evolus.vn/Namespace/Pencil"
			xmlns="http://www.w3.org/2000/svg">
			<text
				id="text"
				y="9.0077095"
				x="17.999992"
				style="font-size:12px;font-style:normal;font-weight:normal;text-align:left;text-anchor:start; dominant-baseline: central;fill:#000000;font-family:'Segoe UI'"
				xml:space="preserve">checkbutton2</text>
			<path id="accelIndicator" style="fill: none; stroke-width: 1px;"/>
		</p:Content>
	</Shape>
	
	<Shape id="TabPanel" displayName="Tab Panel" icon="Icons/tabpanel.png">
		<Properties>
			<PropertyGroup>
				<Property name="box" type="Dimension">350,200</Property>
				<Property name="withActiveMarker" displayName="With active marking" type="Bool">false</Property>
				<Property name="height" displayName="Tab Height" type="Handle" p:lockX="true" p:minY="5" p:maxY="$box.h">0,25</Property>
				<Property name="start" displayName="Start" type="Handle" p:lockY="true" p:minX="0" p:maxX="$end.x">0,0</Property>
				<Property name="end" displayName="End" type="Handle" p:lockY="true" p:minX="$start.x" p:maxX="$box.w">80,0</Property>
			</PropertyGroup>
			<PropertyGroup name="Text">
				<Property name="tabTitle" displayName="Title" type="PlainText">Tab Title</Property>
				<Property name="textColor" displayName="Color" type="Color">#000000</Property>
				<Property name="textFont" displayName="Font" type="Font">Tahoma|normal|normal|11px</Property>
				<Property name="textAlign" displayName="Alignment" type="Alignment">1,1</Property>
			</PropertyGroup>
			<PropertyGroup name="Border">
				<Property name="strokeColor" displayName="Border Color" type="Color">#c4c4c4ff</Property>
				<Property name="strokeStyle" displayName="Border Style" type="StrokeStyle">1|</Property>
			</PropertyGroup>
			<PropertyGroup name="Active marker">
				<Property name="fillColor" displayName="Marker Color" type="Color">#cf0566ff</Property>
			</PropertyGroup>
		</Properties>
		<Behaviors>
			<For ref="path">
				<D>[M($end.x, 3), L($end.x, $height.y),
					L($box.w, $height.y), L($box.w, $box.h), L(0, $box.h), L(0, $height.y), L($start.x, $height.y), L($start.x, 3), L($end.x, 3)]</D>
				<StrokeColor>$strokeColor</StrokeColor>
				<StrokeStyle>$strokeStyle</StrokeStyle>
			</For>
			<!--<For ref="boxForShadowing">
				<D>[M($box.w - 5, $height.y + 1), L($box.w, $height.y + 1), L($box.w, $box.h), L(1, $box.h), L(1, $box.h - 5),
					L($box.w - 5, $box.h - 5), z]</D>
			</For>-->
			<For ref="activeMarker">
				<Transform>[translate($start.x, 3)]</Transform>
				<Box>new Dimension($end.x - $start.x + 1, 2)</Box>
				<Fill>$fillColor</Fill>
				<Visibility>$withActiveMarker</Visibility>
			</For>
			<For ref="text">
				<TextContent>$tabTitle</TextContent>
				<Fill>$textColor</Fill>
				<Font>$textFont</Font>
				<BoxFit>
					<Arg>new Bound($start.x, 3, $end.x - $start.x + 1, $height.y - 3).narrowed(5)</Arg>
					<Arg>$textAlign</Arg>
				</BoxFit>
			</For>
		</Behaviors>
		<Actions>
			<Action id="fullWidth" displayName="Make wide as page">
				<Impl>
					<![CDATA[
						this.moveBy(Math.round(-this.getBoundingRect().x),0,true);
						var box = this.getProperty("box");
						this.setProperty("box", new Dimension(this.canvas.width, box.h));
					]]>
				</Impl>
			</Action>
			<Action id="fullHeight" displayName="Make high as page">
				<Impl>
					<![CDATA[
						this.moveBy(0,Math.round(-this.getBoundingRect().y),true);
						var box = this.getProperty("box");
						this.setProperty("box", new Dimension(box.w, this.canvas.height));
					]]>
				</Impl>
			</Action>
		</Actions>
		<p:Content  xmlns:p="http://www.evolus.vn/Namespace/Pencil"
			xmlns="http://www.w3.org/2000/svg">
			<path id="path" style="stroke: #c4c4c4; stroke-width: 1px; fill: #ffffff;" transform="translate(0.5, 0.5)"/>
			<rect id="activeMarker" style="fill: #cf0566; stroke-width: 0;"/>
			<text
				x="33.415905"
				y="14.214675"
				style="text-align:left; text-anchor:start; dominant-baseline: central;"
				id="text"
				xml:space="preserve">Title</text>
		</p:Content>
	</Shape>
	
	<Shape id="TabHeader" displayName="Tab Header" icon="Icons/tabheader.png">
		<Properties>
			<PropertyGroup>
				<Property name="box" type="Dimension" p:lockHeight="true">80,23</Property>
				<!--
				<Property name="active" displayName="Current tab" type="Bool">false</Property>
				-->
			</PropertyGroup>
			<PropertyGroup name="Text">
				<Property name="tabTitle" displayName="Title" type="PlainText">Tab Title</Property>
				<Property name="textColor" displayName="Color" type="Color">#000000</Property>
				<Property name="textFontInactive" displayName="Font_inactive" type="Font">Tahoma|normal|normal|11px</Property>
				<Property name="textFontActive" displayName="Font_active" type="Font">Tahoma|normal|normal|11px</Property>
				<Property name="textAlign" displayName="Alignment" type="Alignment">1,1</Property>
			</PropertyGroup>
		</Properties>
		<Behaviors>
			<For ref="rect_inactive">
				<D>[M(0, $box.h -1), L(0,0), L($box.w - 2, 0), L($box.w - 2, $box.h -1)]</D>
				<!--
				<Visibility>!$active.value </Visibility>
				-->
			</For>
			<!--
			<For ref="rect_active">
				<Visibility>$active.value</Visibility>
			</For>
			<For ref="body_rect_active">
				<D>[M(0, $box.h -1), L(0,0), L($box.w - 2, 0), L($box.w - 2, $box.h -1)]</D>
			</For>
			<For ref="bottom_border_rect_active">
				<D>[M($box.w - 1.5, $box.h ),L(-0.5, $box.h )]</D>
			</For>
			<For ref="text_active">
				<TextContent>$tabTitle</TextContent>
				<Font>$textFontActive</Font>
				<Fill>$textColor</Fill>
				<BoxFit>
					<Arg>Bound.fromBox($box, 5)</Arg>
					<Arg>$textAlign</Arg>
				</BoxFit>
				<Visibility>$active.value</Visibility>
			</For>
			-->
			<For ref="text_inactive">
				<TextContent>$tabTitle</TextContent>
				<Font>$textFontInactive</Font>
				<Fill>$textColor</Fill>
				<BoxFit>
					<Arg>Bound.fromBox($box, 5)</Arg>
					<Arg>$textAlign</Arg>
				</BoxFit>
				<!--
				<Visibility>!$active.value </Visibility>
				-->
			</For>
		</Behaviors>
		<p:Content xmlns:p="http://www.evolus.vn/Namespace/Pencil" xmlns="http://www.w3.org/2000/svg">
			<defs>
				<linearGradient x1="0%" y1="0%" x2="0%" y2="100%" id="inactive_panel">
					<stop style="stop-color:#ffffff;stop-opacity:1" offset="0"/>
					<stop style="stop-color:#E7E7E7;stop-opacity:1" offset="1" />
				</linearGradient>
			</defs>
			<g transform="translate(0.5, 3.5)">
				<path id="rect_inactive" style="fill: url(#inactive_panel); stroke:#CCCCCC;stroke-width: 1px;"/>
				<!--
				<g id="rect_active">
					<path id="body_rect_active" style="fill: #ffffff; stroke:#CCCCCC;stroke-width: 1px;"/>
					<path id="bottom_border_rect_active" style="fill: #ffffff; stroke:#CCCCCC;stroke-width: 1px;"/>
				</g>
				-->
				<text id="text_inactive" x="33.415905" y="14.214675" style="text-align:left; text-anchor:start; dominant-baseline: central;" transform="translate(0, -1)" xml:space="preserve">Title</text>
				<!--
				<text id="text_active" x="33.415905" y="14.214675" style="text-align:left; text-anchor:start; dominant-baseline: central;" transform="translate(0, -1)" xml:space="preserve">Title</text>
				-->
			</g>
		</p:Content>
	</Shape>
	<Shape id="Panel" displayName="Panel" icon="Icons/panel.png">
		<Properties>
			<PropertyGroup>
				<Property name="box" type="Dimension">235,250</Property>
			</PropertyGroup>
			<PropertyGroup name="Text">
				<Property name="titleText" displayName="Title" type="PlainText">Untitled Frame</Property>
				<Property name="textColor" displayName="Color" type="Color">#000000ff</Property>
				<Property name="textFont" displayName="Font" type="Font">Arial|bold|normal|11px</Property>
				<Property name="textAlign" displayName="Alignment" type="Alignment">0,1</Property>
			</PropertyGroup>
			<PropertyGroup name="Border">
				<Property name="strokeColor" displayName="Line Color" type="Color">#C4C4C4ff</Property>
				<Property name="strokeStyle" displayName="Line Style" type="StrokeStyle">1|</Property>
			</PropertyGroup>
			<PropertyGroup name="Background">
				<Property name="bgColor" displayName="Background Color" type="Color">#ffffff</Property>
			</PropertyGroup>
		</Properties>
		<Behaviors>
			<For ref="rect">
				<Box>$box</Box>
				<Fill>$bgColor</Fill>
				<StrokeColor>$strokeColor</StrokeColor>
				<StrokeStyle>$strokeStyle</StrokeStyle>
			</For>
		</Behaviors>
		<p:Content xmlns:p="http://www.evolus.vn/Namespace/Pencil" xmlns="http://www.w3.org/2000/svg">
			<defs>
				<linearGradient x1="0%" y1="0%" x2="0%" y2="100%" id="linearFill">
					<stop style="stop-color:#DAE7F6;stop-opacity:1" offset="0" id="stop1"/>
					<stop style="stop-color:#CDDEF3;stop-opacity:1" offset="0.49" id="stop2"/>
					<stop style="stop-color:#ABC7EC;stop-opacity:1" offset="0.5" id="stop2"/>
					<stop style="stop-color:#C9DBF2;stop-opacity:1" offset="1" id="stop4"/>
				</linearGradient>
			</defs>
			<rect
				width="178"
				height="19"
				x="0.5"
				y="0.5"
				style="opacity:1;color:#000000;fill: #ffffff;fill-opacity:1;fill-rule:nonzero;stroke:#C4C4C4;stroke-width:1;stroke-linecap:square;stroke-linejoin:miter;marker:none;marker-start:none;marker-mid:none;marker-end:none;stroke-miterlimit:4;stroke-dasharray:none;stroke-dashoffset:0;stroke-opacity:1;visibility:visible;display:inline;overflow:visible;"
				id="rect" />
		</p:Content>
	</Shape>
	<Shape id="Accordion" displayName="Accordion" icon="Icons/accordion.png">
		<Properties>
			<PropertyGroup>
				<Property name="box" type="Dimension">236,24</Property>
				<Property name="textIndent" displayName="Text Indentation" type="Handle" p:minX="0" p:maxX="$box.w" p:lockY="true">5,0</Property>
			</PropertyGroup>
			<PropertyGroup name="Text">
				<Property name="textContent" displayName="Caption" type="PlainText">Accordion</Property>
				<Property name="textColor" displayName="Color" type="Color">#000000ff</Property>
				<Property name="textFontInactive" displayName="Font_inactive" type="Font">Arial|normal|normal|11px</Property>
				<Property name="textFontActive" displayName="Font_active" type="Font">Arial|bold|normal|11px</Property>
				<Property name="textAlign" displayName="Alignment" type="Alignment">0,1</Property>
			</PropertyGroup>
			<PropertyGroup name="Background Active">
				<Property name="stopColor1" displayName="Start Color" type="Color">#ffffffff</Property>
				<Property name="stopColor2" displayName="End Color" type="Color">#EDEDEDff</Property>
			</PropertyGroup>
			<PropertyGroup name="Background Inactive">
				<Property name="stopColor3" displayName="Start Color" type="Color">#EDEDEDff</Property>
				<Property name="stopColor4" displayName="End Color" type="Color">#DEDEDEff</Property>
			</PropertyGroup>
			<PropertyGroup name="Features">
				<Property name="active" displayName="Active" type="Bool">true</Property>
			</PropertyGroup>
		</Properties>
		<Behaviors>
			<For ref="stop1">
				<StopColor>$active.value ? $stopColor1 : $stopColor3</StopColor>
			</For>
			<For ref="stop2">
				<StopColor>$active.value ? $stopColor2 : $stopColor4</StopColor>
			</For>
			<For ref="rect">
				<Box>$box.narrowed(1)</Box>
			</For>
			<For ref="text_inactive">
				<Transform>[translate($textIndent.x, 0)]</Transform>
				<TextContent>$textContent</TextContent>
				<Font>$textFontInactive</Font>
				<BoxFit>
					<Arg>new Bound(5, 5, $box.w - 10, $box.h - 10)</Arg>
					<Arg>$textAlign</Arg>
				</BoxFit>
				<Visibility>!$active.value </Visibility>
			</For>
			<For ref="text_active">
				<Transform>[translate($textIndent.x, 0)]</Transform>
				<TextContent>$textContent</TextContent>
				<Font>$textFontActive</Font>
				<BoxFit>
					<Arg>new Bound(5, 5, $box.w - 10, $box.h - 10)</Arg>
					<Arg>$textAlign</Arg>
				</BoxFit>
				<Visibility>$active.value</Visibility>
			</For>
		</Behaviors>
		<p:Content  xmlns:p="http://www.evolus.vn/Namespace/Pencil"
			xmlns="http://www.w3.org/2000/svg">
			<defs>
				<linearGradient x1="0%" y1="0%" x2="0%" y2="100%" id="rect_bg">
					<stop offset="0%" id="stop1" />
					<stop offset="100%" id="stop2" />
				</linearGradient>
			</defs>
			<g>
				<rect
					width="178"
					height="19"
					x="0.5"
					y="0.5"
					style="opacity:1;color:#000000;fill: url(#rect_bg);fill-opacity:1;fill-rule:nonzero;stroke:#c4c4c4;stroke-width:1;stroke-linecap:square;stroke-linejoin:miter;marker:none;marker-start:none;marker-mid:none;marker-end:none;stroke-miterlimit:4;stroke-dasharray:none;stroke-dashoffset:0;stroke-opacity:1;visibility:visible;display:inline;overflow:visible;"
					id="rect" />
				<text id="text_inactive" x="33.415905" y="14.214675"
					style="text-align:left; text-anchor:start; dominant-baseline: central;"
					xml:space="preserve">Title</text>
				<text id="text_active" x="33.415905" y="14.214675"
					style="text-align:left; text-anchor:start; dominant-baseline: central;"
					xml:space="preserve">Title</text>
			</g>
		</p:Content>
	</Shape>
	<Shape id="TextBox" displayName="Text Box" icon="Icons/textbox.png">
		<Properties>
			<PropertyGroup>
				<Property name="box" type="Dimension">179,20</Property>
			</PropertyGroup>
			<PropertyGroup name="Text">
				<Property name="textContent" displayName="Caption" type="PlainText">Text box</Property>
				<Property name="textColor" displayName="Color" type="Color">#000000ff</Property>
				<Property name="textFont" displayName="Font" type="Font">Tahoma|normal|normal|11px</Property>
				<Property name="textAlign" displayName="Alignment" type="Alignment">0,1</Property>
			</PropertyGroup>
			<PropertyGroup name="Features">
				<Property name="disabled" displayName="Disabled" type="Bool">false</Property>
			</PropertyGroup>
		</Properties>
		<Behaviors>
			<For ref="rect">
				<Box>$box.narrowed(1)</Box>
			</For>
			<For ref="text">
				<TextContent>$textContent</TextContent>
				<Fill>$disabled.value ? $textColor.hollowed(0.8) : $textColor</Fill>
				<Font>$textFont</Font>
				<BoxFit>
					<Arg>new Bound(5, 5, $box.w - 10, $box.h - 10)</Arg>
					<Arg>$textAlign</Arg>
				</BoxFit>
			</For>
		</Behaviors>
		<p:Content  xmlns:p="http://www.evolus.vn/Namespace/Pencil"
			xmlns="http://www.w3.org/2000/svg">
			<defs>
				<linearGradient x1="0%" y1="0%" x2="0%" y2="100%" id="text_background">
					<stop style="stop-color:#F7F7F7;stop-opacity:1" offset="0"/>
					<stop style="stop-color:#ffffff;stop-opacity:1" offset="1" />
				</linearGradient>
			</defs>
			<rect
				width="178"
				height="19"
				x="0.5"
				y="0.5"
				style="opacity:1;color:#000000;fill: url(#text_background);fill-opacity:1;fill-rule:nonzero;stroke:#C4C4C4;stroke-width:1;stroke-linecap:square;stroke-linejoin:miter;marker:none;marker-start:none;marker-mid:none;marker-end:none;stroke-miterlimit:4;stroke-dasharray:none;stroke-dashoffset:0;stroke-opacity:1;visibility:visible;display:inline;overflow:visible;"
				id="rect" />
			<text
				x="4.561419"
				y="14.175718"
				style="text-align:left; text-anchor:start; dominant-baseline: central;"
				id="text"
				xml:space="preserve"></text>
		</p:Content>
	</Shape>
	<Shape id="Combo" displayName="Combo Box" icon="Icons/combobox.png">
		<Properties>
			<PropertyGroup>
				<Property name="box" type="Dimension">179,20</Property>
			</PropertyGroup>
			<PropertyGroup name="Text">
				<Property name="textContent" displayName="Caption" type="PlainText">Combo box</Property>
				<Property name="textColor" displayName="Color" type="Color">#000000ff</Property>
				<Property name="textFont" displayName="Font" type="Font">Tahoma|normal|normal|11px</Property>
				<Property name="textAlign" displayName="Alignment" type="Alignment">0,1</Property>
			</PropertyGroup>
			<PropertyGroup name="Features">
				<Property name="disabled" displayName="Disabled" type="Bool">false</Property>
			</PropertyGroup>
		</Properties>
		<Behaviors>
			<For ref="rect">
				<Box>$box.narrowed(1)</Box>
			</For>
			<For ref="droprect">
				<!--
				<Bound>new Bound($box.w-19, 0, 19, $box.h)</Bound>
				-->
				<D>[M($box.w-19, 0), L($box.w-19,$box.h-1), L($box.w-1,$box.h-1), L($box.w-1,0), L($box.w-19,0)]</D>
			</For>
			<For ref="arrow">
				<D>[M($box.w-15, 6), L($box.w-10,$box.h-7), L($box.w-5,6), L($box.w-15,6)]</D>
				<!--
				<D>[M($box.w-15, 5), L($box.w-10,$box.h-8), L($box.w-5,5), L($box.w-15,5)]</D>
				-->
				<!--
				<D>[M(0, 0), L($box.w, 0), L($box.w, $box.h), L(0, $box.h), L(0, 0), z,
					M($a.x, $a.y), L($a.x, $b.y), L($b.x, $b.y), L($b.x, $a.y), L($a.x, $a.y), z]</D>
				-->
			</For>
			<For ref="text">
				<TextContent>$textContent</TextContent>
				<Fill>$disabled.value ? $textColor.hollowed(0.8) : $textColor</Fill>
				<Font>$textFont</Font>
				<BoxFit>
					<Arg>new Bound(5, 5, $box.w - 10, $box.h - 10)</Arg>
					<Arg>$textAlign</Arg>
				</BoxFit>
			</For>
		</Behaviors>
		<p:Content  xmlns:p="http://www.evolus.vn/Namespace/Pencil"
			xmlns="http://www.w3.org/2000/svg">
			<defs>
				<linearGradient x1="0%" y1="0%" x2="0%" y2="100%" id="text_background">
					<stop style="stop-color:#F7F7F7;stop-opacity:1" offset="0"/>
					<stop style="stop-color:#ffffff;stop-opacity:1" offset="1" />
				</linearGradient>
			</defs>
			<rect
				width="178"
				height="19"
				x="0.500000"
				y="0.500000"
				style="opacity:1;color:#000000;fill: url(#text_background);fill-opacity:1;fill-rule:nonzero;stroke:#C4C4C4;stroke-width:1px;stroke-linecap:square;stroke-linejoin:miter;marker:none;marker-start:none;marker-mid:none;marker-end:none;stroke-miterlimit:4;stroke-dasharray:none;stroke-dashoffset:0;stroke-opacity:1;visibility:visible;display:inline;overflow:visible;"
				id="rect" />
			<!--
			<rect
				width="19"
				height="19"
				x="0.500000"
				y="0.500000"
				style="opacity:1;color:#000000;fill: #ffffff;fill-opacity:1;fill-rule:nonzero;stroke:#C4C4C4;stroke-width:1;"
				id="droprect" />-->
			<path
				transform="translate(0.5 0.5)"
				style="stroke-width:1px;opacity:1;stroke:#C4C4C4;fill-opacity:0;"
				id="droprect" />
			<path
				transform="translate(0.5 0.5)"
				style="stroke-width: 1px;opacity:0.5;"
				id="arrow" />
			<text
				x="4.561419"
				y="14.175718"
				style="text-align:left; text-anchor:start; dominant-baseline: central;"
				id="text"
				xml:space="preserve"></text>
		</p:Content>
	</Shape>
	
	<Shape id="Button" displayName="Button" icon="Icons/button.png">
		<Properties>
			<PropertyGroup>
				<Property name="box" type="Dimension">67,22</Property>
				<Property name="withRoomForIcon" type="Bool" displayName="With Room for Icon">false</Property>
			</PropertyGroup>
			<PropertyGroup name="Text">
				<Property name="buttonText" displayName="Caption" type="PlainText">Button</Property>
				<Property name="textColor" displayName="Color" type="Color">#000000ff</Property>
				<Property name="textFont" displayName="Font" type="Font">Tahoma|normal|normal|11px</Property>
				<Property name="textAlign" displayName="Alignment" type="Alignment">1,1</Property>
			</PropertyGroup>
			<PropertyGroup name="Background">
				<Property name="stopColor1" displayName="Start Color" type="Color">#EDEDEDff</Property>
				<Property name="stopColor2" displayName="End Color" type="Color">#ffffffff</Property>
			</PropertyGroup>
			<PropertyGroup name="Border">
				<Property name="strokeColor" displayName="Border Color" type="Color">#C4C4C4ff</Property>
				<Property name="strokeStyle" displayName="Line Style" type="StrokeStyle">1|</Property>
			</PropertyGroup>
			<PropertyGroup name="Default marker">
				<Property name="fillColor" displayName="Marker Color" type="Color">#cf0566ff</Property>
			</PropertyGroup>
			<PropertyGroup name="Features">
				<Property name="disabled" displayName="Disabled" type="Bool">false</Property>
				<Property name="defaultButton" displayName="Default Button" type="Bool">false</Property>
			</PropertyGroup>
		</Properties>
		<Behaviors>
			<For ref="stop1">
				<StopColor>$disabled.value ? Color.fromString("#EDEDED") : $stopColor1</StopColor>
			</For>
			<For ref="stop2">
				<StopColor>$disabled.value ? Color.fromString("#EDEDED") : $stopColor2</StopColor>
			</For>
			<For ref="rect">
				<Box>$box.narrowed(1)</Box>
				<StrokeColor>$disabled.value ? Color.fromString("#C4C4C4") : $strokeColor</StrokeColor>
				<StrokeStyle>$strokeStyle</StrokeStyle>
			</For>
			<For ref="defaultMarker">
				<Box>new Dimension(2, $box.h)</Box>
				<Fill>$fillColor</Fill>
				<Visibility>$defaultButton.value &amp;&amp; !$disabled.value</Visibility>
			</For>
			<For ref="text">
				<TextContent>
					<Arg>$buttonText</Arg>
					<Arg>"strip"</Arg>
				</TextContent>
				<Fill>$disabled.value ? $textColor.hollowed(0.8) : $textColor</Fill>
				<Font>$textFont</Font>
				<BoxFit>
					<Arg>new Bound(($withRoomForIcon.value ? 20  : 5), 5, $box.w -($withRoomForIcon.value ? 20  : 10), $box.h-10)</Arg>
					<Arg>$textAlign</Arg>
				</BoxFit>
			</For>
			<For ref="accelIndicator">
				<AccelFor>
					<Arg>"text"</Arg>
					<Arg>$textFont</Arg>
					<Arg>$disabled.value ? $textColor.hollowed(0.8) : $textColor</Arg>
					<Arg>$buttonText</Arg>
					<Arg>$textAlign</Arg>
					<Arg>$box</Arg>
				</AccelFor>
			</For>
		</Behaviors>
		<p:Content xmlns:p="http://www.evolus.vn/Namespace/Pencil" xmlns="http://www.w3.org/2000/svg">
			<defs id="defs2177">
				<linearGradient x1="0%" y1="0%" x2="0%" y2="100%" id="linearGradient4109">
					<stop offset="0%" id="stop1" />
					<stop offset="100%" id="stop2" />
					<!--<stop style="stop-color:#FF2020;stop-opacity:1" offset="0%" id="stop1" />
					<stop style="stop-color:#ffffff;stop-opacity:1" offset="100%" id="stop2" />-->
				</linearGradient>
			</defs>
			<rect id="rect" width="66" height="22" x="0.5" y="0.5" style="opacity:1;fill:url(#linearGradient4109);fill-opacity:1;fill-rule:nonzero;stroke:#DEDEDE;stroke-width:1;stroke-linecap:square;stroke-linejoin:miter;marker:none;marker-start:none;marker-mid:none;marker-end:none;stroke-miterlimit:4;stroke-dasharray:none;stroke-dashoffset:0;stroke-opacity:1;visibility:visible;display:inline;overflow:visible;enable-background:accumulate"/>
			<rect id="defaultMarker" style="fill: #cf0566;"/>
			<text id="text" x="33.415905" y="14.214675" style="text-align:left; text-anchor:start; dominant-baseline: central;" xml:space="preserve">Button</text>
			<path id="accelIndicator" style="fill: none; stroke-width: 1px;"/>
		</p:Content>
	</Shape>
	
	<Shape id="NodeTree" displayName="Node" icon="Icons/node-tree.png">
		<Properties>
			<PropertyGroup>
				<Property name="end" displayName="End" type="Handle" p:lockX="true" p:maxY="5">0,-9</Property>
				<Property name="disabled" displayName="Disabled" type="Bool">false</Property>
				<Property name="nodetype" displayName="Node type" type="Enum" p:enumValues="['no|Empty', 'open|Expanded', 'closed|Collapsed']">no</Property>
			</PropertyGroup>
			<PropertyGroup name="Text">
				<Property name="label" displayName="Label" type="PlainText">Label</Property>
				<Property name="textColor" displayName="Color" type="Color">#000000ff</Property>
				<Property name="textFont" displayName="Font" type="Font">Tahoma|normal|normal|11px|none</Property>
				<Property name="withRoomForIcon" type="Bool" displayName="With room for icon">false</Property>
			</PropertyGroup>
		</Properties>
		<Behaviors>
			<For ref="text">
				<TextContent>
					<Arg>$label</Arg>
					<Arg>"strip accel"</Arg>
				</TextContent>
				<Fill>$disabled.value ? $textColor.hollowed(0.8) : $textColor</Fill>
				<Font>$textFont</Font>
				<BoxFit>
					<Arg>new Bound(($withRoomForIcon.value ? 20  : 0)+ 20, 0, 100, 12)</Arg>
					<Arg>new Alignment(0, 1)</Arg>
				</BoxFit>
			</For>
			<For ref="path">
				<D>[M(16, 5.5 ), L(5.5, 5.5),L( 5.5,$end.y )]</D>
			</For>
			<For ref="image-minus">
				<Visibility>$nodetype.value == 'open'</Visibility>
			</For>
			<For ref="image-plus">
				<Visibility>$nodetype.value == 'closed'</Visibility>
			</For>
		</Behaviors>
		<p:Content xmlns:p="http://www.evolus.vn/Namespace/Pencil" xmlns="http://www.w3.org/2000/svg">
			<text id="text" y="9.0077095" x="17.999992" style="font-size:11px;font-style:normal;font-weight:normal;text-align:left;text-anchor:start; dominant-baseline: central;fill:#000000;font-family:'Segoe UI'" xml:space="preserve">checkbutton2</text>
			<path id="path" style="fill: none; stroke:#000000;stroke-width:1px;stroke-dasharray:1,1;stroke-linecap:butt;stroke-linejoin:miter;"/>
			<image id="image-plus" x="0" y="0" xlink:href="data:image/gif;base64, R0lGODlhCQAJAOMOADFKY0L/QpSlvZylvZytxqW11qm92r3GxrXI48bGxsbS59Te8efv9+vz /////////yH5BAEAAA8ALAAAAAAJAAkAAAQucJE5hhCHuL0bA9oGeArIAcxiAIMDvO8qOB6w KAUgeAugIDkB42coGAEHmPIQAQA7" height="9" width="9"/>
			<image id="image-minus" x="0" y="0" xlink:href="data:image/gif;base64, R0lGODlhCQAJAOMOADFKY0L/QpSlvZylvZytxqW11qm92r3GxrnK5MbGxsbW69jh8efv9+vz /////////yH5BAEAAA8ALAAAAAAJAAkAAAQrcJE5hhCHuL0bAxrnIaDILAYwOEDbpoLjLYtS AMJcI7fAKAhDYQg4uI6HCAA7" height="9" width="9"/>
		</p:Content>
	</Shape>
	
	<!-- TODO: Use markers instead? -->
	<Shape id="SimpleConnector" displayName="Simple connector" icon="Icons/connector.png">
		<Properties>
			<PropertyGroup>
				<Property name="a" displayName="Start Handle" type="Handle">0,0</Property>
				<Property name="b" displayName="Middle Handle" type="Handle"  p:minY="Math.min($a.y,$c.y)" p:maxY="Math.max($a.y,$c.y)">90,-10</Property>
				<!--<Property name="b" displayName="Middle Handle" type="Handle"  p:minY="Math.min($a.y,$c.y)" p:maxY="Math.max($a.y,$c.y)" p:disabled="$style.value == 'straight'">90,-10</Property>-->
				<Property name="c" displayName="End Handle" type="Handle">120,-20</Property>
				<!--<Property name="style" displayName="Style" type="Enum" p:enumValues="['hard|Hard Corner', 'smooth|Smooth Corner', 'straight|Straight']">hard</Property>-->
				<Property name="withStartArrow" type="Bool" displayName="With Start Arrow">true</Property>
				<Property name="withEndArrow" type="Bool" displayName="With End Arrow">true</Property>
				<!--<Property name="filledStartArrow" type="Bool" displayName="Filled Start Arrow">false</Property>
				<Property name="filledEndArrow" type="Bool" displayName="Filled End Arrow">false</Property>-->
				<Property name="arrowDataHolder" displayName="Arrow Meta Data" type="Dimension">5,0</Property>
			</PropertyGroup>
			<PropertyGroup name="Line">
				<Property name="strokeColor" displayName="Line Color" type="Color">#C4C4C4ff</Property>
				<Property name="strokeStyle" displayName="Line Style" type="StrokeStyle">2|</Property>
				<Property name="fillColor" displayName="Background Color" type="Color">#00000000</Property>
			</PropertyGroup>
		</Properties>
		<Behaviors>
			<For ref="path">
				<Transform>[translate(0, ($strokeStyle.w % 2) / 2)]</Transform>
				<StrokeColor>$strokeColor</StrokeColor>
				<StrokeStyle>$strokeStyle</StrokeStyle>
				<!--<D>
					var x = {
						"smooth": [M($a.x, $a.y), S($b.x, $b.y, $c.x, $c.y)],
						"hard": [M($a.x, $a.y), L($b.x, $b.y), L($c.x, $c.y)],
						"straight": [M($a.x, $a.y), L($c.x, $c.y)]
					}[$style.value];
					x   
				</D>-->
				<D>[M($a.x, $a.y),L($b.x-(($strokeStyle.w%2)/2), $a.y), L($b.x-(($strokeStyle.w % 2)/2), $c.y), L($c.x, $c.y)]</D>
			</For>
			<For ref="startArrow">
				<Transform>[translate(0, ($strokeStyle.w % 2) / 2)]</Transform>
				<StrokeColor>$strokeColor</StrokeColor>
				<StrokeStyle>$strokeStyle</StrokeStyle>
				<!-- 
					type=( ($filledStartArrow.value &amp;&amp; ($a.x > $b.x)) ? "left_filled" :type);
					type=( ($filledStartArrow.value &amp;&amp; type == "right") ? "right_filled" :type);
				-->
				<D>
					var arrowLength = $arrowDataHolder.w; 
					var type="right";
					type=( ($a.x > $b.x) ? "left" :type);
					var x = {
						"left": [M($a.x - arrowLength, $a.y - arrowLength ), L($a.x, $a.y), L($a.x - arrowLength, $a.y + arrowLength)],
						"left_filled": [M($a.x - arrowLength, $a.y - arrowLength ), L($a.x, $a.y), L($a.x - arrowLength, $a.y + arrowLength), z],
						"right": [M($a.x + arrowLength, $a.y - arrowLength ), L($a.x, $a.y), L($a.x + arrowLength, $a.y + arrowLength)],
						"right_filled": [M($a.x + arrowLength, $a.y - arrowLength ), L($a.x, $a.y), L($a.x + arrowLength, $a.y + arrowLength), z]
					}[type];
					x
				</D>
				<Visibility>$withStartArrow</Visibility>
			</For>
			<For ref="endArrow">
				<Transform>[translate(0, ($strokeStyle.w % 2) / 2)]</Transform>
				<StrokeColor>$strokeColor</StrokeColor>
				<StrokeStyle>$strokeStyle</StrokeStyle>
				<!-- 
					type=( ($filledStartArrow.value &amp;&amp; type == "left") ? "left_filled" :type);
					type=( ($filledStartArrow.value &amp;&amp; type == "right") ? "right_filled" :type);
				-->
				<D>
					var arrowLength = $arrowDataHolder.w;
					var type="right";
					type=( ($c.x > $b.x) ? "left" :type);
					var x = {
						"left": [M($c.x - arrowLength, $c.y - arrowLength ), L($c.x, $c.y), L($c.x - arrowLength, $c.y + arrowLength)],
						"left_filled": [M($c.x - arrowLength, $c.y - arrowLength ), L($c.x, $c.y), L($c.x - arrowLength, $c.y + arrowLength),z],
						"right": [M($c.x + arrowLength, $c.y - arrowLength ), L($c.x, $c.y), L($c.x + arrowLength, $c.y + arrowLength)],
						"right_filled": [M($c.x + arrowLength, $c.y - arrowLength ), L($c.x, $c.y), L($c.x + arrowLength, $c.y + arrowLength),z]
					}[type];
					x
				</D>
				<Visibility>$withEndArrow</Visibility>
			</For>
			<For ref="bground">
				<D>[M(Math.min($a.x, $c.x), Math.min($a.y, $c.y)), L(Math.min($a.x, $c.x), Math.max($a.y, $c.y)), L(Math.max($a.x, $c.x), Math.max($a.y, $c.y)), L(Math.max($a.x, $c.x), Math.min($a.y, $c.y)), z]</D>
				<Fill>$fillColor</Fill>
			</For>
		</Behaviors>
		<Actions>
			<Action id="setArrowLength" displayName="Set arrow length">
				<Impl>
					<![CDATA[
					// Trick: Use 'arrowDataHolder' to store arrow data
					var arrowData = this.getProperty("arrowDataHolder");
					var l = prompt("Enter arrow length:", arrowData.w);
					var REG_EX = /^([\0-9]+)$/;
					if (l.match(REG_EX)) {
						//handle.x = parseInt(RegExp.$1);
						this.setProperty("arrowDataHolder", new Dimension(parseInt(RegExp.$1),arrowData.h));
					} else {
						//alert("Illegal value: " + l);
					}
					]]>
				</Impl>
			</Action>
		</Actions>
		<p:Content    xmlns:p="http://www.evolus.vn/Namespace/Pencil"
			xmlns="http://www.w3.org/2000/svg">
			<path id="path"  fill="none" style="stroke-linejoin: round;"/>
			<path id="startArrow" fill="none" style="stroke-linejoin: round;"/>
			<path id="endArrow" fill="none" style="stroke-linejoin: round;"/>
			<path style="stroke: none;" id="bground"/>
		</p:Content>
	</Shape>
	
	<Shape id="BorderLayout" displayName="Border Layout" icon="Icons/borderlayout.png">
		<Properties>
			<PropertyGroup>
				<Property name="box" type="Dimension">400,400</Property>
				<Property name="a" displayName="Inner Top" type="Handle" p:minX="0" p:maxX="$b.x" p:minY="0" p:maxY="$b.y">150,150</Property>
				<Property name="b" displayName="Inner Bottom" type="Handle" p:minX="$a.x" p:maxX="$box.w" p:minY="$a.y" p:maxY="$box.h">250,250</Property>
				<Property name="hasNorth"   displayName="With North" type="Enum" p:enumValues="['no|No', 'yes|Yes', 'withmin|With Min']">yes</Property>
				<Property name="hasEast"    displayName="With East"  type="Enum" p:enumValues="['no|No', 'yes|Yes', 'withmin|With Min']">yes</Property>
				<Property name="hasSouth"   displayName="With South" type="Enum" p:enumValues="['no|No', 'yes|Yes', 'withmin|With Min']">yes</Property>
				<Property name="hasWest"    displayName="With West"  type="Enum" p:enumValues="['no|No', 'yes|Yes', 'withmin|With Min']">yes</Property>
			</PropertyGroup>
			<PropertyGroup name="Background">
				<Property name="fillColor" displayName="Color" type="Color">#FFFFFFFF</Property>
			</PropertyGroup>
			<PropertyGroup name="Inner background">
				<Property name="innerFillColor" displayName="Color" type="Color">#FFFFFFFF</Property>
			</PropertyGroup>
			<PropertyGroup name="Border">
				<Property name="strokeColor" displayName="Color" type="Color">#C4C4C4ff</Property>
				<Property name="strokeStyle" displayName="Style" type="StrokeStyle">1|</Property>
			</PropertyGroup>
			<PropertyGroup>
				<Property name="bbox" type="Dimension">400,400</Property>
			</PropertyGroup>
		</Properties>
		<Behaviors>
			<For ref="bg">
				<Bound>new Bound(0,1,$box.w,$box.h - 1)</Bound>
				<Fill>$fillColor</Fill>
			</For>
			<For ref="east">
				<Visibility>$hasEast.value != 'no'</Visibility>
				<Bound>new Bound($b.x,($hasNorth.value != 'no' ? $a.y : 0)+1,$box.w-$b.x,($hasSouth.value != 'no' ? $b.y - 5 : $box.h) - ($hasNorth.value != 'no' ? $a.y  : 0))</Bound>
				<StrokeColor>$strokeColor</StrokeColor>
				<StrokeStyle>$strokeStyle</StrokeStyle>
				<Fill>$innerFillColor</Fill>
			</For>
			<For ref="south">
				<Visibility>$hasSouth.value != 'no'</Visibility>
				<Bound>new Bound(0,$b.y+1,$box.w,$box.h-$b.y-1)</Bound>
				<StrokeColor>$strokeColor</StrokeColor>
				<StrokeStyle>$strokeStyle</StrokeStyle>
				<Fill>$innerFillColor</Fill>
			</For>
			<For ref="north">
				<Visibility>$hasNorth.value != 'no'</Visibility>
				<Bound>new Bound(0,1,$box.w,$a.y-5)</Bound>
				<StrokeColor>$strokeColor</StrokeColor>
				<StrokeStyle>$strokeStyle</StrokeStyle>
				<Fill>$innerFillColor</Fill>
			</For>
			<For ref="west">
				<Visibility>$hasWest.value != 'no'</Visibility>
				<Bound>new Bound(0,($hasNorth.value != 'no' ? $a.y : 0)+1,$a.x,($hasSouth.value != 'no' ? $b.y - 5 : $box.h) - ($hasNorth.value != 'no' ? $a.y  : 0))</Bound>
				<StrokeColor>$strokeColor</StrokeColor>
				<StrokeStyle>$strokeStyle</StrokeStyle>
				<Fill>$innerFillColor</Fill>
			</For>
			<For ref="main">
				<Bound>new Bound(($hasWest.value != 'no' ? $a.x + 5 : 0),
					($hasNorth.value != 'no' ? $a.y : 0)+1,
					($hasEast.value != 'no'  ? $b.x - 5 : $box.w) - ($hasWest.value != 'no'  ? $a.x + 5 : 0)  ,
					($hasSouth.value != 'no' ? $b.y - 5 : $box.h) - ($hasNorth.value != 'no' ? $a.y  : 0) )</Bound>
				<StrokeColor>$strokeColor</StrokeColor>
				<StrokeStyle>$strokeStyle</StrokeStyle>
				<Fill>$innerFillColor</Fill>
			</For>
			<For ref="miniTop">
				<Transform>[translate($box.w/2 +18 , $a.y-5 +3.5), rotate(180)]</Transform>
				<Visibility>$hasNorth.value == 'withmin'</Visibility>
			</For>
			<For ref="miniBottom">
				<Transform>[translate($box.w/2-17, $b.y+1 -2.5 )]</Transform>
				<Visibility>$hasSouth.value == 'withmin'</Visibility>
			</For>
			<For ref="miniLeft">
				<Transform>[translate($a.x+2.5,-17+($hasNorth.value != 'no' ? $a.y : 0)+1+(($hasSouth.value != 'no'  ? $b.y - 5  : $box.h )-($hasNorth.value != 'no' ? $a.y : 0))/2 ), rotate(90,17,2)]</Transform>
				-->
				<Visibility>$hasWest.value == 'withmin'</Visibility>
			</For>
			<For ref="miniRight">
				<Transform>[translate($b.x-2.5,18+($hasNorth.value != 'no' ? $a.y : 0)+1+(($hasSouth.value != 'no'  ? $b.y - 5  : $box.h )-($hasNorth.value != 'no' ? $a.y : 0))/2), rotate(270,17,2)]</Transform>
				<Visibility>$hasEast.value == 'withmin'</Visibility>
			</For>
		</Behaviors>
		<Actions>
			<Action id="fullWidth" displayName="Make wide as page">
				<Impl>
					<![CDATA[
						this.moveBy(Math.round(-this.getBoundingRect().x),0,true);
						var box = this.getProperty("box");
						this.setProperty("box", new Dimension(this.canvas.width, box.h));
					]]>
				</Impl>
			</Action>
			<Action id="fullHeight" displayName="Make high as page">
				<Impl>
					<![CDATA[
						//alert(this.getBoundingRect().y);
						this.moveBy(0,Math.round(-this.getBoundingRect().y),true);
						var box = this.getProperty("box");
						this.setProperty("box", new Dimension(box.w, this.canvas.height));
					]]>
				</Impl>
			</Action>
		</Actions>
		<p:Content    xmlns:p="http://www.evolus.vn/Namespace/Pencil"
			xmlns="http://www.w3.org/2000/svg">
			<defs>
				<path style="fill:none; stroke: #C4C4C4; stroke-width: 1px;" d="M 0,0 L 35,0" id="mini"/>
			</defs>
			<g transform="translate(0.5, -0.5)">
				<rect id="bg"    ry="0" rx="0" y="0" x="0"   style="fill:#FFFFFF;stroke-width:1px;stroke:#FFFFFF" />
				<rect id="east"  ry="0" rx="0" y="0" x="0"   style="fill:#FFFFFF;stroke-width:1px;stroke:#C4C4C4" />
				<rect id="south" ry="0" rx="0" y="0" x="0"   style="fill:#FFFFFF;stroke-width:1px;stroke:#C4C4C4" />
				<rect id="north" ry="0" rx="0" y="0" x="0"   style="fill:#FFFFFF;stroke-width:1px;stroke:#C4C4C4" />
				<rect id="west"  ry="0" rx="0" y="0" x="0"   style="fill:#FFFFFF;stroke-width:1px;stroke:#C4C4C4" />
				<rect id="main"  ry="0" rx="0" y="0" x="0"   style="fill:#FFFFFF;stroke-width:1px;stroke:#C4C4C4" />
				<use xlink:href="#mini" id="miniTop"    />
				<use xlink:href="#mini" id="miniBottom" />
				<use xlink:href="#mini" id="miniLeft"   />
				<use xlink:href="#mini" id="miniRight"  />
			</g>
		</p:Content>
	</Shape>
</Shapes>